,from,to,state1,state2,state3,state4,state5,state6
1,"Acacia Door (Lower, Facing East, Closed)",minecraft:acacia_door,,,,,,
2,"Acacia Door (Lower, Facing East, Opened)",minecraft:acacia_door,,,,,,
3,"Acacia Door (Lower, Facing North, Closed)",minecraft:acacia_door,,,,,,
4,"Acacia Door (Lower, Facing North, Opened)",minecraft:acacia_door,,,,,,
5,"Acacia Door (Lower, Facing South, Closed)",minecraft:acacia_door,,,,,,
6,"Acacia Door (Lower, Facing South, Opened)",minecraft:acacia_door,,,,,,
7,"Acacia Door (Lower, Facing West, Closed)",minecraft:acacia_door,,,,,,
8,"Acacia Door (Lower, Facing West, Opened)",minecraft:acacia_door,,,,,,
9,"Acacia Door (Upper, Hinge Left, Powered)",minecraft:acacia_door,,,,,,
10,"Acacia Door (Upper, Hinge Left, Unpowered)",minecraft:acacia_door,,,,,,
12,"Acacia Door (Upper, Hinge Right, Unpowered)",minecraft:acacia_door,,,,,,
17,Acacia Fence,minecraft:acacia_fence,,,,,,
18,"Acacia Fence Gate (Facing North, Closed)",minecraft:acacia_fence_gate,,,,,,
19,"Acacia Fence Gate (Facing West, Closed)",minecraft:acacia_fence_gate,,,,,,
22,Acacia Leaves,minecraft:acacia_leaves,,,,,,
23,Acacia Leaves (No Decay),minecraft:acacia_leaves,,,,,,
24,Acacia Leaves (No Decay and Check Decay),minecraft:acacia_leaves,,,,,,
25,"Acacia Wood, Facing North/South",minecraft:acacia_log,,,,,,
26,Acacia Wood (No axis),minecraft:acacia_log,,,,,,
27,Acacia Wood,minecraft:acacia_log,,,,,,
28,Acacia Wood Plank,minecraft:acacia_planks,,,,,,
30,"Sapling (Acacia, Ready to grow)",minecraft:acacia_sapling,,,,,,
32,Double Acacia Wood Slab,minecraft:acacia_slab,,,,,,
33,"(Acacia Wood, Upper)",minecraft:acacia_slab,,,,,,
34,"(Acacia Wood, Bottom)",minecraft:acacia_slab,,,,,,
35,"Acacia Wood Stairs (East, Normal)",minecraft:acacia_stairs,,,,,,
36,"Acacia Wood Stairs (East, Upside-down)",minecraft:acacia_stairs,,,,,,
37,"Acacia Wood Stairs (North, Normal)",minecraft:acacia_stairs,,,,,,
38,"Acacia Wood Stairs (North, Upside-down)",minecraft:acacia_stairs,,,,,,
39,"Acacia Wood Stairs (South, Normal)",minecraft:acacia_stairs,,,,,,
40,"Acacia Wood Stairs (South, Upside-down)",minecraft:acacia_stairs,,,,,,
41,"Acacia Wood Stairs (West, Normal)",minecraft:acacia_stairs,,,,,,
42,"Acacia Wood Stairs (West, Upside-down)",minecraft:acacia_stairs,,,,,,
46,"Acacia Wood, Facing East/West",minecraft:acacia_wood,axis,x,,,,
48,"Activator Rail (Flat North-South, Not Active)",minecraft:activator_rail,,,,,,
49,"Activator Rail (Flat West-East, Not Active)",minecraft:activator_rail,,,,,,
51,Allium,minecraft:allium,,,,,,
53,Andesite,minecraft:andesite,,,,,,
57,Very Damaged Anvil (East/West),minecraft:anvil,,,,,,
58,Very Damaged Anvil (North/South),minecraft:anvil,,,,,,
59,Very Damaged Anvil (South/North),minecraft:anvil,,,,,,
60,Very Damaged Anvil (West/East),minecraft:anvil,,,,,,
61,Slightly Damaged Anvil (East/West),minecraft:anvil,,,,,,
62,Slightly Damaged Anvil (North/South),minecraft:anvil,,,,,,
63,Slightly Damaged Anvil (South/North),minecraft:anvil,,,,,,
64,Slightly Damaged Anvil (West/East),minecraft:anvil,,,,,,
65,Anvil (East/West),minecraft:anvil,facing,east,,,,
66,Anvil (North/South),minecraft:anvil,facing,north,,,,
67,Anvil (South/North),minecraft:anvil,facing,south,,,,
68,Anvil (West/East),minecraft:anvil,facing,west,,,,
71,Azure Bluet,minecraft:azure_bluet,,,,,,
715,Barrier,minecraft:barrier,,,,,,
717,Beacon,minecraft:beacon,,,,,,
725,Bedrock,minecraft:bedrock,,,,,,
731,"Birch Door (Lower, Facing East, Closed)",minecraft:birch_door,,,,,,
732,"Birch Door (Lower, Facing East, Opened)",minecraft:birch_door,,,,,,
733,"Birch Door (Lower, Facing North, Closed)",minecraft:birch_door,,,,,,
734,"Birch Door (Lower, Facing North, Opened)",minecraft:birch_door,,,,,,
735,"Birch Door (Lower, Facing South, Closed)",minecraft:birch_door,,,,,,
736,"Birch Door (Lower, Facing South, Opened)",minecraft:birch_door,,,,,,
737,"Birch Door (Lower, Facing West, Closed)",minecraft:birch_door,,,,,,
738,"Birch Door (Upper, Hinge Left, Powered)",minecraft:birch_door,,,,,,
739,"Birch Door (Upper, Hinge Left, Unpowered)",minecraft:birch_door,,,,,,
740,"Birch Door (Upper, Hinge Right, Powered)",minecraft:birch_door,,,,,,
741,"Birch Door (Upper, Hinge Right, Unpowered)",minecraft:birch_door,,,,,,
742,Birch Fence,minecraft:birch_fence,,,,,,
743,"Birch Fence Gate (Facing East, Closed)",minecraft:birch_fence_gate,,,,,,
744,"Birch Fence Gate (Facing North, Closed)",minecraft:birch_fence_gate,,,,,,
745,"Birch Fence Gate (Facing South, Closed)",minecraft:birch_fence_gate,,,,,,
746,"Birch Fence Gate (Facing West, Closed)",minecraft:birch_fence_gate,,,,,,
747,Birch Leaves,minecraft:birch_leaves,,,,,,
748,Birch Leaves (No Decay),minecraft:birch_leaves,,,,,,
749,Birch Leaves (No Decay and Check Decay),minecraft:birch_leaves,,,,,,
750,Birch Wood,minecraft:birch_log,,,,,,
751,Birch Wood (facing east/west),minecraft:birch_log,,,,,,
752,Birch Wood (facing north/south),minecraft:birch_log,,,,,,
753,Birch Wood (only bark),minecraft:birch_log,,,,,,
754,Birch Wood Plank,minecraft:birch_planks,,,,,,
756,"Sapling (Birch, Ready to grow)",minecraft:birch_sapling,,,,,,
758,Double Birch Wood Slab,minecraft:birch_slab,type,double,,,,
759,"(Birch Wood, Upper)",minecraft:birch_slab,type,top,,,,
760,"(Birch Wood, Bottom)",minecraft:birch_slab,type,bottom,,,,
761,"Birch Wood Stairs (East, Normal)",minecraft:birch_stairs,half,bottom,facing,west,,
762,"Birch Wood Stairs (East, Upside-down)",minecraft:birch_stairs,half,top,facing,west,,
763,"Birch Wood Stairs (North, Normal)",minecraft:birch_stairs,half,bottom,facing,south,,
764,"Birch Wood Stairs (North, Upside-down)",minecraft:birch_stairs,half,top,facing,south,,
765,"Birch Wood Stairs (South, Normal)",minecraft:birch_stairs,half,bottom,facing,north,,
766,"Birch Wood Stairs (South, Upside-down)",minecraft:birch_stairs,half,top,facing,north,,
767,"Birch Wood Stairs (West, Normal)",minecraft:birch_stairs,half,bottom,facing,east,,
768,"Birch Wood Stairs (West, Upside-down)",minecraft:birch_stairs,half,top,facing,east,,
774,Black Carpet,minecraft:black_carpet,,,,,,
779,Black Stained Glass,minecraft:black_stained_glass,,,,,,
780,Black Stained Glass Pane,minecraft:black_stained_glass_pane,,,,,,
781,Black Stained Clay,minecraft:black_terracotta,,,,,,
782,Black Wool,minecraft:black_wool,,,,,,
790,Blue Carpet,minecraft:blue_carpet,,,,,,
795,Blue Orchid,minecraft:blue_orchid,,,,,,
797,Blue Stained Glass,minecraft:blue_stained_glass,,,,,,
798,Blue Stained Glass Pane,minecraft:blue_stained_glass_pane,,,,,,
799,Blue Stained Clay,minecraft:blue_terracotta,,,,,,
800,Blue Wool,minecraft:blue_wool,,,,,,
801,Bone Block (Oriented east-west),minecraft:bone_block,,,,,,
802,Bone Block (Oriented north-south),minecraft:bone_block,,,,,,
803,Bone Block (Oriented vertically),minecraft:bone_block,,,,,,
804,Bookshelf,minecraft:bookshelf,,,,,,
809,"Brewing Stand (Slot 1 Active, Slot 2 Active, Slot 3 Active)",minecraft:brewing_stand,,,,,,
810,"Brewing Stand (Slot 1 Active, Slot 2 Active, Slot 3 Unactive",minecraft:brewing_stand,,,,,,
811,"Brewing Stand (Slot 1 Active, Slot 2 Unactive, Slot 3 Active",minecraft:brewing_stand,,,,,,
812,"Brewing Stand (Slot 1 Active, Slot 2 Unactive, Slot 3 Unacti",minecraft:brewing_stand,,,,,,
813,"Brewing Stand (Slot 1 Unactive, Slot 2 Active, Slot 3 Active",minecraft:brewing_stand,,,,,,
814,"Brewing Stand (Slot 1 Unactive, Slot 2 Active, Slot 3 Unacti",minecraft:brewing_stand,,,,,,
815,"Brewing Stand (Slot 1 Unactive, Slot 2 Unactive, Slot 3 Acti",minecraft:brewing_stand,,,,,,
816,"Brewing Stand (Slot 1 Unactive, Slot 2 Unactive, Slot 3 Unac",minecraft:brewing_stand,,,,,,
817,Double Brick Slab,minecraft:brick_slab,,,,,,
818,Brick Slab,minecraft:brick_slab,,,,,,
819,Bricks (Upper),minecraft:brick_slab,,,,,,
820,"Brick Stairs (East, Normal)",minecraft:brick_stairs,half,bottom,facing,west,,
821,"Brick Stairs (East, Upside-down)",minecraft:brick_stairs,half,top,facing,west,,
822,"Brick Stairs (North, Normal)",minecraft:brick_stairs,half,bottom,facing,south,,
823,"Brick Stairs (North, Upside-down)",minecraft:brick_stairs,half,top,facing,south,,
824,"Brick Stairs (South, Normal)",minecraft:brick_stairs,half,bottom,facing,north,,
825,"Brick Stairs (South, Upside-down)",minecraft:brick_stairs,half,top,facing,north,,
826,"Brick Stairs (West, Normal)",minecraft:brick_stairs,half,bottom,facing,east,,
827,"Brick Stairs (West, Upside-down)",minecraft:brick_stairs,half,top,facing,east,,
829,Bricks,minecraft:bricks,,,,,,
832,Brown Carpet,minecraft:brown_carpet,,,,,,
836,Brown Mushroom,minecraft:brown_mushroom,,,,,,
837,Brown Mushroom Block,minecraft:brown_mushroom_block,,,,,,
838,Brown Mushroom Block Cap Texture on all 6 Sides,minecraft:brown_mushroom_block,,,,,,
839,"Brown Mushroom (Cap texture on top, east and south)",minecraft:brown_mushroom_block,,,,,,
840,"Brown Mushroom (Cap texture on top, north and east)",minecraft:brown_mushroom_block,,,,,,
841,"Brown Mushroom (Cap texture on top, south and west)",minecraft:brown_mushroom_block,,,,,,
842,"Brown Mushroom (Cap texture on top, west and north)",minecraft:brown_mushroom_block,,,,,,
843,Brown Mushroom  (stem  6 sides),minecraft:brown_mushroom_block,,,,,,
845,Brown Stained Glass,minecraft:brown_stained_glass,,,,,,
846,Brown Stained Glass Pane,minecraft:brown_stained_glass_pane,,,,,,
847,Brown Stained Clay,minecraft:brown_terracotta,,,,,,
848,Brown Wool,minecraft:brown_wool,,,,,,
854,Freshly Planted Cactus,minecraft:cactus,,,,,,
855,Cactus (Age 1),minecraft:cactus,,,,,,
856,Cactus (Age 10),minecraft:cactus,,,,,,
857,Cactus (Age 11),minecraft:cactus,,,,,,
858,Cactus (Age 12),minecraft:cactus,,,,,,
859,Cactus (Age 13),minecraft:cactus,,,,,,
860,Cactus (Age 15),minecraft:cactus,,,,,,
861,Cactus (Age 2),minecraft:cactus,,,,,,
862,Cactus (Age 3),minecraft:cactus,,,,,,
863,Cactus (Age 4),minecraft:cactus,,,,,,
864,Cactus (Age 5),minecraft:cactus,,,,,,
865,Cactus (Age 6),minecraft:cactus,,,,,,
866,Cactus (Age 7),minecraft:cactus,,,,,,
867,Cactus (Age 8),minecraft:cactus,,,,,,
868,Cactus (Age 9),minecraft:cactus,,,,,,
870,Cake  (1 piece eaten),minecraft:cake,,,,,,
871,Cake  (2 pieces eaten),minecraft:cake,,,,,,
872,Cake Block,minecraft:cake,,,,,,
874,Carrots (Growth level 4),minecraft:carrots,,,,,,
875,Carrots (Growth level 7),minecraft:carrots,,,,,,
878,Cauldron (Empty),minecraft:cauldron,,,,,,
879,Cauldron (1/3 Filled),minecraft:cauldron,,,,,,
880,Cauldron (2/3 Filled),minecraft:cauldron,,,,,,
881,Cauldron (Fully Filled),minecraft:cauldron,,,,,,
885,Chest,minecraft:chest,,,,,,
886,Chest (East),minecraft:chest,,,,,,
887,Chest (North),minecraft:chest,,,,,,
888,Chest (South),minecraft:chest,,,,,,
889,Chest (West),minecraft:chest,,,,,,
893,Chiseled Quartz Block,minecraft:chiseled_quartz_block,,,,,,
894,Chiseled Red Sandstone,minecraft:chiseled_red_sandstone,,,,,,
895,Double Sandstone Slab Seamless,minecraft:chiseled_sandstone,,,,,,
896,Chiseled Sandstone,minecraft:chiseled_sandstone,,,,,,
897,Chiseled Stone Bricks,minecraft:chiseled_stone_bricks,,,,,,
900,Clay,minecraft:clay,,,,,,
901,Block of Coal,minecraft:coal_block,,,,,,
902,Coal Ore,minecraft:coal_ore,,,,,,
903,Coarse Dirt,minecraft:coarse_dirt,,,,,,
904,Cobblestone,minecraft:cobblestone,,,,,,
905,Double Cobblestone Slab,minecraft:cobblestone_slab,type,double,,,,
906,Cobblestone (Upper),minecraft:cobblestone_slab,type,top,,,,
907,Cobblestone Slab,minecraft:cobblestone_slab,type,bottom,,,,
908,"Cobblestone Stairs (East, Normal)",minecraft:cobblestone_stairs,half,bottom,facing,west,,
909,"Cobblestone Stairs (East, Upside-down)",minecraft:cobblestone_stairs,half,top,facing,west,,
910,"Cobblestone Stairs (North, Normal)",minecraft:cobblestone_stairs,half,bottom,facing,south,,
911,"Cobblestone Stairs (North, Upside-down)",minecraft:cobblestone_stairs,half,top,facing,south,,
912,"Cobblestone Stairs (South, Normal)",minecraft:cobblestone_stairs,half,bottom,facing,north,,
913,"Cobblestone Stairs (South, Upside-down)",minecraft:cobblestone_stairs,half,top,facing,north,,
914,"Cobblestone Stairs (West, Normal)",minecraft:cobblestone_stairs,half,bottom,facing,east,,
915,"Cobblestone Stairs (West, Upside-down)",minecraft:cobblestone_stairs,half,top,facing,east,,
916,Cobblestone Wall,minecraft:cobblestone_wall,,,,,,
917,Cobweb,minecraft:cobweb,,,,,,
918,"cocoa (Attached to the East, Third Stage)",minecraft:cocoa,,,,,,
919,"cocoa (Attached to the North, Third Stage)",minecraft:cocoa,,,,,,
920,"cocoa (Attached to the South, Third Stage)",minecraft:cocoa,,,,,,
921,"cocoa (Attached to the West, Third Stage)",minecraft:cocoa,,,,,,
922,Command block (facing east),minecraft:command_block,,,,,,
923,Command block (facing north),minecraft:command_block,,,,,,
924,Command block (facing south),minecraft:command_block,,,,,,
925,Command block (facing up),minecraft:command_block,,,,,,
926,Command block (facing west),minecraft:command_block,,,,,,
927,"Redstone Comparator (Facing East, Unset, Powered)",minecraft:comparator,,,,,,
928,"Redstone Comparator (Facing East, Unset, Unpowered )",minecraft:comparator,,,,,,
929,"Redstone Comparator (Facing North, Unset, Unpowered )",minecraft:comparator,,,,,,
930,"Redstone Comparator (Facing South, Unset, Unpowered )",minecraft:comparator,,,,,,
931,"Redstone Comparator (Facing West, Substraction mode, Powered",minecraft:comparator,,,,,,
937,Cracked Stone Bricks,minecraft:cracked_stone_bricks,,,,,,
938,Crafting Table,minecraft:crafting_table,,,,,,
964,Cyan Carpet,minecraft:cyan_carpet,,,,,,
969,Cyan Stained Glass,minecraft:cyan_stained_glass,,,,,,
970,Cyan Stained Glass Pane,minecraft:cyan_stained_glass_pane,,,,,,
971,Cyan Stained Clay,minecraft:cyan_terracotta,,,,,,
972,Cyan Wool,minecraft:cyan_wool,,,,,,
974,Dandelion,minecraft:dandelion,,,,,,
976,"Dark Oak Door (Lower, Facing East, Closed)",minecraft:dark_oak_door,,,,,,
977,"Dark Oak Door (Lower, Facing East, Opened)",minecraft:dark_oak_door,,,,,,
978,"Dark Oak Door (Lower, Facing North, Closed)",minecraft:dark_oak_door,,,,,,
979,"Dark Oak Door (Lower, Facing North, Opened)",minecraft:dark_oak_door,,,,,,
980,"Dark Oak Door (Lower, Facing South, Closed)",minecraft:dark_oak_door,,,,,,
981,"Dark Oak Door (Lower, Facing South, Opened)",minecraft:dark_oak_door,,,,,,
982,"Dark Oak Door (Lower, Facing West, Closed)",minecraft:dark_oak_door,,,,,,
983,"Dark Oak Door (Lower, Facing West, Opened)",minecraft:dark_oak_door,,,,,,
984,"Dark Oak Door (Upper, Hinge Left, Powered)",minecraft:dark_oak_door,,,,,,
985,"Dark Oak Door (Upper, Hinge Left, Unpowered)",minecraft:dark_oak_door,,,,,,
986,"Dark Oak Door (Upper, Hinge Right, Powered)",minecraft:dark_oak_door,,,,,,
987,"Dark Oak Door (Upper, Hinge Right, Unpowered)",minecraft:dark_oak_door,,,,,,
988,Dark Oak Fence,minecraft:dark_oak_fence,,,,,,
989,"Dark Oak Fence Gate (Facing East, Closed)",minecraft:dark_oak_fence_gate,,,,,,
990,"Dark Oak Fence Gate (Facing East, Opened)",minecraft:dark_oak_fence_gate,,,,,,
991,"Dark Oak Fence Gate (Facing North, Closed)",minecraft:dark_oak_fence_gate,,,,,,
992,"Dark Oak Fence Gate (Facing North, Opened)",minecraft:dark_oak_fence_gate,,,,,,
993,"Dark Oak Fence Gate (Facing South, Closed)",minecraft:dark_oak_fence_gate,,,,,,
994,"Dark Oak Fence Gate (Facing South, Opened)",minecraft:dark_oak_fence_gate,,,,,,
995,"Dark Oak Fence Gate (Facing West, Closed)",minecraft:dark_oak_fence_gate,,,,,,
996,"Dark Oak Fence Gate (Facing West, Opened)",minecraft:dark_oak_fence_gate,,,,,,
997,Dark Oak Leaves,minecraft:dark_oak_leaves,,,,,,
998,Dark Oak Leaves (Check Decay and No Decay),minecraft:dark_oak_leaves,,,,,,
999,Dark Oak Leaves (No Decay),minecraft:dark_oak_leaves,,,,,,
1000,Dark Oak Wood,minecraft:dark_oak_log,,,,,,
1001,"Dark Oak Wood, Facing East/West",minecraft:dark_oak_log,,,,,,
1002,"Dark Oak Wood, Facing North/South",minecraft:dark_oak_log,,,,,,
1003,Dark Oak Wood (No Axis),minecraft:dark_oak_log,,,,,,
1004,Dark Oak Wood Plank,minecraft:dark_oak_planks,,,,,,
1006,"Sapling (Dark Oak, Ready to grow)",minecraft:dark_oak_sapling,,,,,,
1007,Standing Sign (NorthEast),minecraft:dark_oak_sign,,,,,,
1008,Standing Sign (NorthWest),minecraft:dark_oak_sign,,,,,,
1009,Standing Sign (SouthEast),minecraft:dark_oak_sign,,,,,,
1010,Standing Sign (SouthWest),minecraft:dark_oak_sign,,,,,,
1011,Double Dark Oak Wood Slab,minecraft:dark_oak_slab,,,,,,
1012,Dark Oak Wood Slab (Bottom),minecraft:dark_oak_slab,,,,,,
1013,Dark Oak Wood Slab (Upper),minecraft:dark_oak_slab,type,top,,,,
1014,"Dark Oak Wood Stairs (East, Normal)",minecraft:dark_oak_stairs,half,bottom,facing,west,,
1015,"Dark Oak Wood Stairs (East, Upside-down)",minecraft:dark_oak_stairs,half,top,facing,west,,
1016,"Dark Oak Wood Stairs (North, Normal)",minecraft:dark_oak_stairs,half,bottom,facing,south,,
1017,"Dark Oak Wood Stairs (North, Upside-down)",minecraft:dark_oak_stairs,half,top,facing,south,,
1018,"Dark Oak Wood Stairs (South, Normal)",minecraft:dark_oak_stairs,half,bottom,facing,north,,
1019,"Dark Oak Wood Stairs (South, Upside-down)",minecraft:dark_oak_stairs,half,top,facing,north,,
1020,"Dark Oak Wood Stairs (West, Normal)",minecraft:dark_oak_stairs,half,bottom,facing,east,,
1021,"Dark Oak Wood Stairs (West, Upside-down)",minecraft:dark_oak_stairs,half,top,facing,east,,
1025,Dark Prismarine,minecraft:dark_prismarine,,,,,,
1028,Daylight Sensor (Power level 0),minecraft:daylight_detector,,,,,,
1029,Daylight Sensor (Power level 1),minecraft:daylight_detector,,,,,,
1030,Daylight Sensor (Power level 10),minecraft:daylight_detector,,,,,,
1031,Daylight Sensor (Power level 11),minecraft:daylight_detector,,,,,,
1032,Daylight Sensor (Power level 12),minecraft:daylight_detector,,,,,,
1033,Daylight Sensor (Power level 13),minecraft:daylight_detector,,,,,,
1034,Daylight Sensor (Power level 14),minecraft:daylight_detector,,,,,,
1035,Daylight Sensor (Power level 15),minecraft:daylight_detector,,,,,,
1036,Daylight Sensor (Power level 2),minecraft:daylight_detector,,,,,,
1037,Daylight Sensor (Power level 3),minecraft:daylight_detector,,,,,,
1038,Daylight Sensor (Power level 4),minecraft:daylight_detector,,,,,,
1039,Daylight Sensor (Power level 5),minecraft:daylight_detector,,,,,,
1040,Daylight Sensor (Power level 6),minecraft:daylight_detector,,,,,,
1041,Daylight Sensor (Power level 7),minecraft:daylight_detector,,,,,,
1042,Daylight Sensor (Power level 8),minecraft:daylight_detector,,,,,,
1043,Daylight Sensor (Power level 9),minecraft:daylight_detector,,,,,,
1052,Dead Shrub,minecraft:dead_bush,,,,,,
1053,Dead Bush,minecraft:dead_bush,,,,,,
1066,"Detector Rail (Flat, North-South, Unactive)",minecraft:detector_rail,,,,,,
1067,"Detector Rail (Flat, West-East, Unactive)",minecraft:detector_rail,,,,,,
1068,Diamond Block,minecraft:diamond_block,,,,,,
1069,Diamond Ore,minecraft:diamond_ore,,,,,,
1070,Diorite,minecraft:diorite,,,,,,
1074,Dirt,minecraft:dirt,,,,,,
1075,"Dispenser (Facing Down, Activated)",minecraft:dispenser,,,,,,
1076,"Dispenser (Facing Down, Unactive)",minecraft:dispenser,,,,,,
1077,"Dispenser (Facing East, Unactive)",minecraft:dispenser,,,,,,
1078,"Dispenser (Facing North, Activated)",minecraft:dispenser,,,,,,
1079,"Dispenser (Facing South, Activated)",minecraft:dispenser,,,,,,
1080,"Dispenser (Facing Up, Unactive)",minecraft:dispenser,,,,,,
1081,"Dispenser (Facing West, Activated)",minecraft:dispenser,,,,,,
1082,"Dispenser (Facing West, Unactive)",minecraft:dispenser,,,,,,
1083,"Dispenser (Facing North, Unactive)",minecraft:dispenser,,,,,,
1084,"Dispenser (Facing South, Unactive)",minecraft:dispenser,,,,,,
1087,Dragon Egg,minecraft:dragon_egg,,,,,,
1091,"Dropper (Facing Down, Unactive)",minecraft:dropper,,,,,,
1092,"Dropper (Facing East, Activated)",minecraft:dropper,,,,,,
1093,"Dropper (Facing East, Unactive)",minecraft:dropper,,,,,,
1094,"Dropper (Facing North, Activated)",minecraft:dropper,,,,,,
1095,"Dropper (Facing North, Unactive)",minecraft:dropper,,,,,,
1096,"Dropper (Facing Up, Unactive)",minecraft:dropper,,,,,,
1097,"Dropper (Facing West, Activated)",minecraft:dropper,,,,,,
1098,"Dropper (Facing West, Unactive)",minecraft:dropper,,,,,,
1099,"Dropper (Facing South, Unactive)",minecraft:dropper,,,,,,
1100,Emerald Block,minecraft:emerald_block,,,,,,
1101,Emerald Ore,minecraft:emerald_ore,,,,,,
1102,Enchantment Table,minecraft:enchanting_table,,,,,,
1104,End Portal,minecraft:end_portal,,,,,,
1105,"End Portal Frame (Vectors to the East, Empty)",minecraft:end_portal_frame,,,,,,
1106,"End Portal Frame (Vectors to the North, Empty)",minecraft:end_portal_frame,,,,,,
1107,"End Portal Frame (Vectors to the West, Empty)",minecraft:end_portal_frame,,,,,,
1108,"End Portal Frame (Vectors to the East, Eye of Ender)",minecraft:end_portal_frame,,,,,,
1109,"End Portal Frame (Vectors to the North, Eye of Ender)",minecraft:end_portal_frame,,,,,,
1110,"End Portal Frame (Vectors to the South, Empty)",minecraft:end_portal_frame,,,,,,
1111,"End Portal Frame (Vectors to the South, Eye of Ender)",minecraft:end_portal_frame,,,,,,
1112,"End Portal Frame (Vectors to the West, Eye of Ender)",minecraft:end_portal_frame,,,,,,
1113,End Rod (Facing Down),minecraft:end_rod,,,,,,
1114,End Rod (Facing East),minecraft:end_rod,,,,,,
1115,End Rod (Facing North),minecraft:end_rod,,,,,,
1116,End Rod (Facing South),minecraft:end_rod,,,,,,
1117,End Rod (Facing Up),minecraft:end_rod,,,,,,
1118,End Rod (Facing West),minecraft:end_rod,,,,,,
1119,End Stone,minecraft:end_stone,,,,,,
1123,End Stone Bricks,minecraft:end_stone_bricks,,,,,,
1124,Ender Chest (Facing East),minecraft:ender_chest,,,,,,
1125,Ender Chest (Facing North),minecraft:ender_chest,,,,,,
1126,Ender Chest (Facing South),minecraft:ender_chest,,,,,,
1127,Ender Chest (Facing West),minecraft:ender_chest,,,,,,
1128,Farmland (Dry Land),minecraft:farmland,moisture,0,,,,
1129,Farmland (Wet level 1),minecraft:farmland,moisture,1,,,,
1130,Farmland (Wet level 2),minecraft:farmland,moisture,2,,,,
1131,Farmland (Wet level 3),minecraft:farmland,moisture,3,,,,
1132,Farmland (Wet level 4),minecraft:farmland,moisture,4,,,,
1133,Farmland (Wet level 5),minecraft:farmland,moisture,5,,,,
1134,Farmland (Wet level 6),minecraft:farmland,moisture,6,,,,
1135,Farmland (Fully Hydrated),minecraft:farmland,moisture,7,,,,
1136,Fern,minecraft:fern,,,,,,
1137,Fire (Age 0),minecraft:fire,,,,,,
1138,Fire (Age 14),minecraft:fire,,,,,,
1139,Fire (Age 15),minecraft:fire,,,,,,
1140,Fire (Age 2),minecraft:fire,,,,,,
1141,Fire (Age 6),minecraft:fire,,,,,,
1147,Flower Pot,minecraft:flower_pot,,,,,,
1149,Burning Furnace (),minecraft:furnace,,,,,,
1150,Burning Furnace (Facing East),minecraft:furnace,facing,east,lit,TRUE,,
1151,Burning Furnace (Facing North),minecraft:furnace,facing,north,lit,TRUE,,
1152,Burning Furnace (Facing South),minecraft:furnace,facing,south,lit,TRUE,,
1153,Burning Furnace (Facing West),minecraft:furnace,facing,west,lit,TRUE,,
1154,Furnace (Facing East),minecraft:furnace,facing,east,lit,FALSE,,
1155,Furnace (Facing North),minecraft:furnace,facing,north,lit,FALSE,,
1156,Furnace (Facing South),minecraft:furnace,facing,south,lit,FALSE,,
1157,Furnace (Facing West),minecraft:furnace,facing,west,lit,FALSE,,
1159,Glass,minecraft:glass,,,,,,
1160,Glass Pane,minecraft:glass_pane,,,,,,
1161,Glowstone,minecraft:glowstone,,,,,,
1162,Gold Block,minecraft:gold_block,,,,,,
1163,Gold Ore,minecraft:gold_ore,,,,,,
1164,Granite,minecraft:granite,,,,,,
1169,Grass 1,minecraft:grass,,,,,,
1170,Grass 2,minecraft:grass,,,,,,
1171,Grass 3,minecraft:grass,,,,,,
1172,grass 6,minecraft:grass,,,,,,
1173,Grass 7,minecraft:grass,,,,,,
1174,Grass,minecraft:grass_block,,,,,,
1175,Grass Path,minecraft:grass_path,,,,,,
1176,Gravel,minecraft:gravel,,,,,,
1179,Gray Carpet,minecraft:gray_carpet,,,,,,
1184,Gray Stained Glass,minecraft:gray_stained_glass,,,,,,
1185,Gray Stained Glass Pane,minecraft:gray_stained_glass_pane,,,,,,
1186,Gray Stained Clay,minecraft:gray_terracotta,,,,,,
1187,Gray Wool,minecraft:gray_wool,,,,,,
1190,Green Carpet,minecraft:green_carpet,,,,,,
1195,Green Stained Glass,minecraft:green_stained_glass,,,,,,
1196,Green Stained Glass Pane,minecraft:green_stained_glass_pane,,,,,,
1197,Green Stained Clay,minecraft:green_terracotta,,,,,,
1198,Green Wool,minecraft:green_wool,,,,,,
1200,Hay Bale (Axis X),minecraft:hay_block,,,,,,
1201,Hay Bale (Axis Y),minecraft:hay_block,,,,,,
1202,Hay Bale (Axis Z),minecraft:hay_block,,,,,,
1203,Weighted Pressure Plate (heavy),minecraft:heavy_weighted_pressure_plate,,,,,,
1206,"Hopper (Output Facing Down, Disabled)",minecraft:hopper,,,,,,
1207,"Hopper (Output Facing East, Disabled)",minecraft:hopper,,,,,,
1208,"Hopper (Output Facing North, Disabled)",minecraft:hopper,,,,,,
1209,"Hopper (Output Facing West, Disabled)",minecraft:hopper,,,,,,
1210,"Hopper (Output Facing Down, Activated)",minecraft:hopper,,,,,,
1211,"Hopper (Output Facing East, Activated)",minecraft:hopper,,,,,,
1212,"Hopper (Output Facing North, Activated)",minecraft:hopper,,,,,,
1213,"Hopper (Output Facing South, Activated)",minecraft:hopper,,,,,,
1214,"Hopper (Output Facing South, Disabled)",minecraft:hopper,,,,,,
1215,"Hopper (Output Facing West, Activated)",minecraft:hopper,,,,,,
1220,Ice,minecraft:ice,,,,,,
1221,Chiseled Stone Brick Monster Egg,minecraft:infested_chiseled_stone_bricks,,,,,,
1222,Cobblestone Monster Egg,minecraft:infested_cobblestone,,,,,,
1223,Cracked Stone Brick Monster Egg,minecraft:infested_cracked_stone_bricks,,,,,,
1224,Mossy Stone Brick Monster Egg,minecraft:infested_mossy_stone_bricks,,,,,,
1225,Stone Monster Egg,minecraft:infested_stone,,,,,,
1226,Stone Brick Monster Egg,minecraft:infested_stone_bricks,,,,,,
1227,Iron Bars 1,minecraft:iron_bars,,,,,,
1228,Iron Bars,minecraft:iron_bars,,,,,,
1229,Iron Block,minecraft:iron_block,,,,,,
1230,"Iron Door (Lower, Facing East, Opened)",minecraft:iron_door,,,,,,
1231,"Iron Door (Lower, Facing North, Opened)",minecraft:iron_door,,,,,,
1232,"Iron Door (Lower, Facing South, Closed)",minecraft:iron_door,,,,,,
1233,"Iron Door (Lower, Facing South, Opened)",minecraft:iron_door,,,,,,
1234,"Iron Door (Lower, Facing West, Opened)",minecraft:iron_door,,,,,,
1235,"Iron Door (Upper, Hinge Left, Powered)",minecraft:iron_door,,,,,,
1236,"Iron Door (Upper, Hinge Right, Powered)",minecraft:iron_door,,,,,,
1237,"Iron Door (Lower, Facing East, Closed)",minecraft:iron_door,,,,,,
1238,"Iron Door (Lower, Facing West, Closed)",minecraft:iron_door,,,,,,
1239,"Iron Door (Lower, Facing North, Closed)",minecraft:iron_door,,,,,,
1240,"Iron Door (Upper, Hinge Right, Unpowered)",minecraft:iron_door,,,,,,
1241,"Iron Door (Upper, Hinge Left, Unpowered)",minecraft:iron_door,,,,,,
1242,Iron Ore,minecraft:iron_ore,,,,,,
1243,"Iron Trapdoor (East from block, Closed, Bottom half)",minecraft:iron_trapdoor,,,,,,
1244,"Iron Trapdoor (East from block, Closed, Top Half)",minecraft:iron_trapdoor,,,,,,
1245,"Iron Trapdoor (East from block, Open, Bottom half)",minecraft:iron_trapdoor,,,,,,
1246,"Iron Trapdoor (East from block, Open, Top Half)",minecraft:iron_trapdoor,,,,,,
1247,"Iron Trapdoor (North from block, Closed, Bottom half)",minecraft:iron_trapdoor,,,,,,
1248,"Iron Trapdoor (North from block, Closed, Top Half)",minecraft:iron_trapdoor,,,,,,
1249,"Iron Trapdoor (North from block, Open, Bottom half)",minecraft:iron_trapdoor,,,,,,
1250,"Iron Trapdoor (North from block, Open, Top Half)",minecraft:iron_trapdoor,,,,,,
1251,"Iron Trapdoor (South from block, Closed, Bottom half)",minecraft:iron_trapdoor,,,,,,
1252,"Iron Trapdoor (South from block, Closed, Top Half)",minecraft:iron_trapdoor,,,,,,
1253,"Iron Trapdoor (South from block, Open, Bottom half)",minecraft:iron_trapdoor,,,,,,
1254,"Iron Trapdoor (South from block, Open, Top Half)",minecraft:iron_trapdoor,,,,,,
1255,"Iron Trapdoor (West from block, Closed, Bottom half)",minecraft:iron_trapdoor,,,,,,
1256,"Iron Trapdoor (West from block, Closed, Top Half)",minecraft:iron_trapdoor,,,,,,
1257,"Iron Trapdoor (West from block, Open, Bottom half)",minecraft:iron_trapdoor,,,,,,
1258,"Iron Trapdoor (West from block, Open, Top Half)",minecraft:iron_trapdoor,,,,,,
1259,Jack-o-Lantern (Facing East),minecraft:jack_o_lantern,,,,,,
1260,Jack-o-Lantern (Facing North),minecraft:jack_o_lantern,,,,,,
1261,Jack-o-Lantern (Facing South),minecraft:jack_o_lantern,,,,,,
1262,Jack-o-Lantern (Facing West),minecraft:jack_o_lantern,,,,,,
1264,Jukebox (Disc inside),minecraft:jukebox,,,,,,
1265,Jukebox,minecraft:jukebox,,,,,,
1267,"Jungle Door (Lower, Facing East, Closed)",minecraft:jungle_door,,,,,,
1268,"Jungle Door (Lower, Facing East, Opened)",minecraft:jungle_door,,,,,,
1269,"Jungle Door (Lower, Facing North, Closed)",minecraft:jungle_door,,,,,,
1270,"Jungle Door (Lower, Facing North, Opened)",minecraft:jungle_door,,,,,,
1271,"Jungle Door (Lower, Facing South, Closed)",minecraft:jungle_door,,,,,,
1272,"Jungle Door (Lower, Facing South, Opened)",minecraft:jungle_door,,,,,,
1273,"Jungle Door (Lower, Facing West, Closed)",minecraft:jungle_door,,,,,,
1274,"Jungle Door (Lower, Facing West, Opened)",minecraft:jungle_door,,,,,,
1275,"Jungle Door (Upper, Hinge Left, Unpowered)",minecraft:jungle_door,,,,,,
1276,"Jungle Door (Upper, Hinge Right, Unpowered)",minecraft:jungle_door,,,,,,
1277,Jungle Fence,minecraft:jungle_fence,,,,,,
1278,"Jungle Fence Gate (Facing East, Closed)",minecraft:jungle_fence_gate,,,,,,
1279,"Jungle Fence Gate (Facing East, Opened)",minecraft:jungle_fence_gate,,,,,,
1280,"Jungle Fence Gate (Facing North, Closed)",minecraft:jungle_fence_gate,,,,,,
1282,"Jungle Fence Gate (Facing South, Closed)",minecraft:jungle_fence_gate,,,,,,
1284,"Jungle Fence Gate (Facing West, Closed)",minecraft:jungle_fence_gate,,,,,,
1285,"Jungle Fence Gate (Facing West, Opened)",minecraft:jungle_fence_gate,,,,,,
1286,Jungle Leaves,minecraft:jungle_leaves,,,,,,
1287,Jungle Leaves (Check Decay),minecraft:jungle_leaves,,,,,,
1288,Jungle Leaves (No Decay),minecraft:jungle_leaves,,,,,,
1289,Jungle Leaves (No Decay and Check Decay),minecraft:jungle_leaves,,,,,,
1291,Jungle Wood Plank,minecraft:jungle_planks,,,,,,
1293,"Sapling (Jungle, Ready to grow)",minecraft:jungle_sapling,,,,,,
1295,Double Jungle Wood Slab,minecraft:jungle_slab,,,,,,
1296,"(Jungle Wood, Bottom)",minecraft:jungle_slab,,,,,,
1297,"(Jungle Wood, Upper)",minecraft:jungle_slab,,,,,,
1298,"Jungle Wood Stairs (East, Normal)",minecraft:jungle_stairs,,,,,,
1299,"Jungle Wood Stairs (East, Upside-down)",minecraft:jungle_stairs,,,,,,
1300,"Jungle Wood Stairs (North, Normal)",minecraft:jungle_stairs,,,,,,
1301,"Jungle Wood Stairs (North, Upside-down)",minecraft:jungle_stairs,,,,,,
1302,"Jungle Wood Stairs (South, Normal)",minecraft:jungle_stairs,,,,,,
1303,"Jungle Wood Stairs (South, Upside-down)",minecraft:jungle_stairs,,,,,,
1304,"Jungle Wood Stairs (West, Normal)",minecraft:jungle_stairs,,,,,,
1305,"Jungle Wood Stairs (West, Upside-down)",minecraft:jungle_stairs,,,,,,
1308,Jungle Wood (facing east/west),minecraft:jungle_wood,,,,,,
1309,Jungle Wood (facing north/south),minecraft:jungle_wood,,,,,,
1310,Jungle Wood (only bark),minecraft:jungle_wood,,,,,,
1311,Jungle Wood,minecraft:jungle_wood,,,,,,
1314,Ladder (facing east),minecraft:ladder,facing,west,,,,
1315,Ladder (facing north),minecraft:ladder,facing,south,,,,
1316,Ladder (facing south),minecraft:ladder,facing,north,,,,
1317,Ladder (facing west),minecraft:ladder,facing,east,,,,
1319,Lapis Lazuli Block,minecraft:lapis_block,,,,,,
1320,Lapis Lazuli Ore,minecraft:lapis_ore,,,,,,
1321,"Flower (Large Fern, Lower)",minecraft:large_fern,,,,,,
1322,"Flower (Large Fern, Upper)",minecraft:large_fern,,,,,,
1323,"Lava (Height Level 2, Falling Lava)",minecraft:lava,,,,,,
1324,"Lava (Height Level 2, Still Lava)",minecraft:lava,,,,,,
1325,"Lava (Height Level 4, Falling Lava)",minecraft:lava,,,,,,
1326,"Lava (Height Level 4, Still Lava)",minecraft:lava,,,,,,
1327,"Lava (Height Level 6, Falling Lava)",minecraft:lava,,,,,,
1328,"Lava (Height Level 6, Still Lava)",minecraft:lava,,,,,,
1329,"Lava (Lava Source Block, Falling Lava)",minecraft:lava,,,,,,
1330,"Lava (Lava Source Block, Still Lava)",minecraft:lava,,,,,,
1332,"Lever (On Block Side Facing East, Active)",minecraft:lever,,,,,,
1333,"Lever (On Block Side Facing North, Active)",minecraft:lever,,,,,,
1334,"Lever (On Block Side Facing South, Active)",minecraft:lever,,,,,,
1335,"Lever (On Block Side Facing West, Active)",minecraft:lever,,,,,,
1336,"Lever (On Block Top Points East When Off, Active)",minecraft:lever,,,,,,
1337,"Lever (On Block Bottom Points East When Off, Active)",minecraft:lever,,,,,,
1338,"Lever (On Block Bottom Points East When Off, Not Active)",minecraft:lever,,,,,,
1339,"Lever (On Block Bottom Points South When Off, Active)",minecraft:lever,,,,,,
1340,"Lever (On Block Bottom Points South When Off, Not Active)",minecraft:lever,,,,,,
1341,"Lever (On Block Side Facing East, Not Active)",minecraft:lever,,,,,,
1342,"Lever (On Block Side Facing North, Not Active)",minecraft:lever,,,,,,
1343,"Lever (On Block Side Facing South, Not Active)",minecraft:lever,,,,,,
1344,"Lever (On Block Side Facing West, Not Active)",minecraft:lever,,,,,,
1345,"Lever (On Block Top Points East When Off, Not Active)",minecraft:lever,,,,,,
1346,"Lever (On Block Top Points South When Off, Active)",minecraft:lever,,,,,,
1347,"Lever (On Block Top Points South When Off, Not Active)",minecraft:lever,,,,,,
1350,Light Blue Carpet,minecraft:light_blue_carpet,,,,,,
1355,Light Blue Stained Glass,minecraft:light_blue_stained_glass,,,,,,
1356,Light Blue Stained Glass Pane,minecraft:light_blue_stained_glass_pane,,,,,,
1357,Light Blue Stained Clay,minecraft:light_blue_terracotta,,,,,,
1358,Light Blue Wool,minecraft:light_blue_wool,,,,,,
1361,Light Gray Carpet,minecraft:light_gray_carpet,,,,,,
1366,Light Gray Stained Glass,minecraft:light_gray_stained_glass,,,,,,
1367,Light Gray Stained Glass Pane,minecraft:light_gray_stained_glass_pane,,,,,,
1368,Light Gray Stained Clay,minecraft:light_gray_terracotta,,,,,,
1369,Light Gray Wool,minecraft:light_gray_wool,,,,,,
1370,Weighted Pressure Plate (light),minecraft:light_weighted_pressure_plate,,,,,,
1371,"Flower (Lilac, Lower)",minecraft:lilac,,,,,,
1372,"Flower (Lilac, Upper)",minecraft:lilac,,,,,,
1374,Lily Pad,minecraft:lily_pad,,,,,,
1377,Lime Carpet,minecraft:lime_carpet,,,,,,
1382,Lime Stained Glass,minecraft:lime_stained_glass,,,,,,
1383,Lime Stained Glass Pane,minecraft:lime_stained_glass_pane,,,,,,
1384,Lime Stained Clay,minecraft:lime_terracotta,,,,,,
1385,Lime Wool,minecraft:lime_wool,,,,,,
1390,Magenta Carpet,minecraft:magenta_carpet,,,,,,
1395,Magenta Stained Glass,minecraft:magenta_stained_glass,,,,,,
1396,Magenta Stained Glass Pane,minecraft:magenta_stained_glass_pane,,,,,,
1397,Magenta Stained Clay,minecraft:magenta_terracotta,,,,,,
1398,Magenta Wool,minecraft:magenta_wool,,,,,,
1399,Magma block,minecraft:magma_block,,,,,,
1400,Melon Block,minecraft:melon,,,,,,
1401,Melon Stem (Fifth stage of growth),minecraft:melon_stem,,,,,,
1402,Melon Stem (First stage of growth),minecraft:melon_stem,,,,,,
1403,Melon Stem (Fourth stage of growth),minecraft:melon_stem,,,,,,
1404,Melon Stem (Second stage of growth),minecraft:melon_stem,,,,,,
1405,Melon Stem (Seventh stage of growth),minecraft:melon_stem,,,,,,
1406,Melon Stem (Sixth stage of growth),minecraft:melon_stem,,,,,,
1407,Melon Stem (Third stage of growth),minecraft:melon_stem,,,,,,
1408,Moss Stone,minecraft:mossy_cobblestone,,,,,,
1411,Mossy Cobblestone Wall,minecraft:mossy_cobblestone_wall,,,,,,
1415,Mossy Stone Bricks,minecraft:mossy_stone_bricks,,,,,,
1418,Mycelium,minecraft:mycelium,,,,,,
1419,Nether Brick Fence,minecraft:nether_brick_fence,,,,,,
1420,Double Nether Brick Slab,minecraft:nether_brick_slab,,,,,,
1421,Nether Brick Slab,minecraft:nether_brick_slab,,,,,,
1422,Nether Brick Slab (Upper),minecraft:nether_brick_slab,,,,,,
1423,"Nether Brick Stairs (East, Normal)",minecraft:nether_brick_stairs,,,,,,
1424,"Nether Brick Stairs (East, Upside-down)",minecraft:nether_brick_stairs,,,,,,
1425,"Nether Brick Stairs (North, Normal)",minecraft:nether_brick_stairs,,,,,,
1426,"Nether Brick Stairs (North, Upside-down)",minecraft:nether_brick_stairs,,,,,,
1427,"Nether Brick Stairs (South, Normal)",minecraft:nether_brick_stairs,,,,,,
1428,"Nether Brick Stairs (South, Upside-down)",minecraft:nether_brick_stairs,,,,,,
1429,"Nether Brick Stairs (West, Normal)",minecraft:nether_brick_stairs,,,,,,
1430,"Nether Brick Stairs (West, Upside-down)",minecraft:nether_brick_stairs,,,,,,
1432,Nether Brick,minecraft:nether_bricks,,,,,,
1434,Nether Portal (Axis X - Oriented East-West),minecraft:nether_portal,,,,,,
1435,Nether Portal (Axis Z - Oriented North-South),minecraft:nether_portal,,,,,,
1436,Nether Quartz Ore,minecraft:nether_quartz_ore,,,,,,
1438,Nether Wart (),minecraft:nether_wart,,,,,,
1439,Nether Wart Block,minecraft:nether_wart_block,,,,,,
1441,Netherrack,minecraft:netherrack,,,,,,
1442,Note Block,minecraft:note_block,,,,,,
1443,"Wooden Button (Facing Down, Inactive)",minecraft:oak_button,,,,,,
1444,"Wooden Button (Facing Up, Inactive)",minecraft:oak_button,,,,,,
1445,"Wooden Button (Facing East, Inactive)",minecraft:oak_button,face,wall,facing,west,powered,False
1446,"Wooden Button (Facing North, Inactive)",minecraft:oak_button,face,wall,facing,south,powered,False
1447,"Wooden Button (Facing South, Inactive)",minecraft:oak_button,face,wall,facing,north,powered,False
1448,"Wooden Button (Facing West, Inactive)",minecraft:oak_button,face,wall,facing,east,powered,False
1449,"Oak Door (Facing East, Opened)",minecraft:oak_door,,,,,,
1450,"Oak Door (Facing North, Opened)",minecraft:oak_door,,,,,,
1451,"Oak Door (Facing South, Opened)",minecraft:oak_door,,,,,,
1452,"Oak Door (Hinge Left, Powered, Upper)",minecraft:oak_door,,,,,,
1453,"Oak Door (Hinge Right, Powered, Upper )",minecraft:oak_door,,,,,,
1454,"Oak Door (Hinge Right, Powered, Upper)",minecraft:oak_door,,,,,,
1455,"Oak Door (Facing East, Closed, Lower)",minecraft:oak_door,,,,,,
1456,"Oak Door (Facing East, Opened, Lower)",minecraft:oak_door,,,,,,
1457,"Oak Door (Facing North, Opened, Lower)",minecraft:oak_door,,,,,,
1458,"Oak Door (Facing South, Opened, Lower)",minecraft:oak_door,,,,,,
1459,"Oak Door (Facing West, Opened, Lower)",minecraft:oak_door,,,,,,
1460,"Oak Door (Facing North, Closed, Lower)",minecraft:oak_door,,,,,,
1461,"Oak Door (Facing South, Closed, Lower)",minecraft:oak_door,,,,,,
1462,"Oak Door (Facing West, Closed, Lower)",minecraft:oak_door,,,,,,
1463,"Oak Door (Hinge Left, Unpowered, Upper",minecraft:oak_door,,,,,,
1464,"Oak Door (Hinge Right, Unpowered, Upper)",minecraft:oak_door,,,,,,
1465,Oak Fence,minecraft:oak_fence,,,,,,
1466,"Oak Fence Gate (Facing East, Opened)",minecraft:oak_fence_gate,,,,,,
1467,"Oak Fence Gate (Facing North, Opened)",minecraft:oak_fence_gate,,,,,,
1468,"Oak Fence Gate (Facing South, Opened)",minecraft:oak_fence_gate,,,,,,
1469,"Oak Fence Gate (Facing West, Opened)",minecraft:oak_fence_gate,,,,,,
1470,"Oak Fence Gate (Facing East, Closed)",minecraft:oak_fence_gate,facing,west,open,FALSE,,
1471,"Oak Fence Gate (Facing North, Closed)",minecraft:oak_fence_gate,facing,south,open,FALSE,,
1472,"Oak Fence Gate (Facing South, Closed)",minecraft:oak_fence_gate,facing,north,open,FALSE,,
1473,"Oak Fence Gate (Facing West, Closed)",minecraft:oak_fence_gate,facing,east,open,FALSE,,
1474,Oak Leaves,minecraft:oak_leaves,,,,,,
1475,Oak Leaves (No Decay),minecraft:oak_leaves,,,,,,
1476,Oak Leaves (Check Decay),minecraft:oak_leaves,,,,,,
1477,Oak Leaves (No Decay and Check Decay),minecraft:oak_leaves,,,,,,
1478,Oak Wood,minecraft:oak_log,axis,y,,,,
1479,Oak Wood (facing east/west),minecraft:oak_log,axis,x,,,,
1480,Oak Wood (facing north/south),minecraft:oak_log,axis,z,,,,
1481,Oak Wood Plank,minecraft:oak_planks,,,,,,
1482,Wooden Pressure Plate (Active),minecraft:oak_pressure_plate,,,,,,
1483,Wooden Pressure Plate (Unactive),minecraft:oak_pressure_plate,,,,,,
1484,"Sapling (Oak, )",minecraft:oak_sapling,,,,,,
1485,"Sapling (Oak, Ready to grow)",minecraft:oak_sapling,,,,,,
1486,Standing Sign (East),minecraft:oak_sign,,,,,,
1487,Standing Sign (East-NorthEast),minecraft:oak_sign,,,,,,
1488,Standing Sign (East-SouthEast),minecraft:oak_sign,,,,,,
1489,Standing Sign (North),minecraft:oak_sign,,,,,,
1490,Standing Sign (North-NorthEast),minecraft:oak_sign,,,,,,
1491,Standing Sign (North-NorthWest),minecraft:oak_sign,,,,,,
1492,Standing Sign (South),minecraft:oak_sign,,,,,,
1493,Standing Sign (South-SouthEast),minecraft:oak_sign,,,,,,
1494,Standing Sign (South-SouthWest),minecraft:oak_sign,,,,,,
1495,Standing Sign (West),minecraft:oak_sign,,,,,,
1496,Standing Sign (West-NorthWest),minecraft:oak_sign,,,,,,
1497,Standing Sign (West-Southwest),minecraft:oak_sign,,,,,,
1498,Wooden Slab,minecraft:oak_slab,,,,,,
1499,Oak Wood Slab (Bottom),minecraft:oak_slab,type,bottom,,,,
1500,Oak Wood Slab (Upper),minecraft:oak_slab,type,top,,,,
1501,Double Wooden Slab,minecraft:oak_slab,type,double,,,,
1502,Double Oak Wood Slab,minecraft:oak_slab,type,double,,,,
1503,"Oak Wood Stairs (East, Normal)",minecraft:oak_stairs,half,bottom,facing,west,,
1504,"Oak Wood Stairs (East, Upside-down)",minecraft:oak_stairs,half,top,facing,west,,
1505,"Oak Wood Stairs (North, Normal)",minecraft:oak_stairs,half,bottom,facing,south,,
1506,"Oak Wood Stairs (North, Upside-down)",minecraft:oak_stairs,half,top,facing,south,,
1507,"Oak Wood Stairs (South, Normal)",minecraft:oak_stairs,half,bottom,facing,north,,
1508,"Oak Wood Stairs (South, Upside-down)",minecraft:oak_stairs,half,top,facing,north,,
1509,"Oak Wood Stairs (West, Normal)",minecraft:oak_stairs,half,bottom,facing,east,,
1510,"Oak Wood Stairs (West, Upside-down)",minecraft:oak_stairs,half,top,facing,east,,
1512,"Wooden Trapdoor (East from block, Closed, Bottom half)",minecraft:oak_trapdoor,half,bottom,facing,east,open,False
1513,"Wooden Trapdoor (East from block, Closed, Top Half)",minecraft:oak_trapdoor,half,top,facing,east,open,False
1514,"Wooden Trapdoor (East from block, Open, Bottom half)",minecraft:oak_trapdoor,half,bottom,facing,east,open,True
1515,"Wooden Trapdoor (East from block, Open, Top Half)",minecraft:oak_trapdoor,half,top,facing,east,open,True
1516,"Wooden Trapdoor (North from block, Closed, Bottom half)",minecraft:oak_trapdoor,half,bottom,facing,west,open,False
1517,"Wooden Trapdoor (North from block, Closed, Top Half)",minecraft:oak_trapdoor,half,top,facing,west,open,False
1518,"Wooden Trapdoor (North from block, Open, Bottom half)",minecraft:oak_trapdoor,half,bottom,facing,west,open,True
1519,"Wooden Trapdoor (North from block, Open, Top Half)",minecraft:oak_trapdoor,half,top,facing,west,open,True
1520,"Wooden Trapdoor (South from block, Closed, Bottom half)",minecraft:oak_trapdoor,half,bottom,facing,north,open,False
1521,"Wooden Trapdoor (South from block, Closed, Top Half)",minecraft:oak_trapdoor,half,top,facing,north,open,False
1522,"Wooden Trapdoor (South from block, Open, Bottom half)",minecraft:oak_trapdoor,half,bottom,facing,north,open,True
1523,"Wooden Trapdoor (South from block, Open, Top Half)",minecraft:oak_trapdoor,half,top,facing,north,open,True
1524,"Wooden Trapdoor (West from block, Closed, Bottom half)",minecraft:oak_trapdoor,half,bottom,facing,south,open,False
1525,"Wooden Trapdoor (West from block, Closed, Top Half)",minecraft:oak_trapdoor,half,top,facing,south,open,False
1526,"Wooden Trapdoor (West from block, Open, Bottom half)",minecraft:oak_trapdoor,half,bottom,facing,south,open,True
1527,"Wooden Trapdoor (West from block, Open, Top Half)",minecraft:oak_trapdoor,half,top,facing,south,open,True
1528,"Wall Sign, north",minecraft:oak_wall_sign,facing,south,,,,
1529,"Wall Sign, south",minecraft:oak_wall_sign,facing,north,,,,
1530,"Wall Sign, west",minecraft:oak_wall_sign,facing,east,,,,
1531,Wall-mounted Sign Block west-northwest,minecraft:oak_wall_sign,facing,west,,,,
1532,Oak Wood (only bark),minecraft:oak_wood,,,,,,
1534,Obsidian,minecraft:obsidian,,,,,,
1538,Orange Carpet,minecraft:orange_carpet,,,,,,
1543,Orange Stained Glass,minecraft:orange_stained_glass,,,,,,
1544,Orange Stained Glass Pane,minecraft:orange_stained_glass_pane,,,,,,
1545,Orange Stained Clay,minecraft:orange_terracotta,,,,,,
1546,Orange Tulip,minecraft:orange_tulip,,,,,,
1547,Orange Wool,minecraft:orange_wool,,,,,,
1548,Oxeye Daisy,minecraft:oxeye_daisy,,,,,,
1549,Packed Ice,minecraft:packed_ice,,,,,,
1550,"Flower (Peony, Lower)",minecraft:peony,,,,,,
1554,Pink Carpet,minecraft:pink_carpet,,,,,,
1559,Pink Stained Glass,minecraft:pink_stained_glass,,,,,,
1560,Pink Stained Glass Pane,minecraft:pink_stained_glass_pane,,,,,,
1561,Pink Stained Clay,minecraft:pink_terracotta,,,,,,
1562,Pink Tulip,minecraft:pink_tulip,,,,,,
1563,Pink Wool,minecraft:pink_wool,,,,,,
1564,"Piston (Facing east, Not Extended)",minecraft:piston,,,,,,
1565,"Piston (Facing west, Not Extended)",minecraft:piston,,,,,,
1566,"Piston (Facing down, Extended)",minecraft:piston,,,,,,
1567,"Piston (Facing down, Not Extended)",minecraft:piston,,,,,,
1568,"Piston (Facing east, Extended)",minecraft:piston,,,,,,
1569,"Piston (Facing north, Extended)",minecraft:piston,,,,,,
1570,"Piston (Facing north, Not Extended)",minecraft:piston,,,,,,
1571,"Piston (Facing south, Extended)",minecraft:piston,,,,,,
1572,"Piston (Facing south, Not Extended)",minecraft:piston,,,,,,
1573,"Piston (Facing up, Extended)",minecraft:piston,,,,,,
1574,"Piston (Facing up, Not Extended)",minecraft:piston,,,,,,
1575,"Piston (Facing west, Extended)",minecraft:piston,,,,,,
1576,"Piston Head (Facing down, Extended)",minecraft:piston_head,,,,,,
1577,"Piston Head (Facing down, Not Extended)",minecraft:piston_head,,,,,,
1578,"Piston Head (Facing east, Extended)",minecraft:piston_head,,,,,,
1579,"Piston Head (Facing east, Not Extended)",minecraft:piston_head,,,,,,
1580,"Piston Head (Facing north, Extended)",minecraft:piston_head,,,,,,
1581,"Piston Head (Facing north, Not Extended)",minecraft:piston_head,,,,,,
1582,"Piston Head (Facing south, Extended)",minecraft:piston_head,,,,,,
1583,"Piston Head (Facing south, Not Extended)",minecraft:piston_head,,,,,,
1584,"Piston Head (Facing up, Extended)",minecraft:piston_head,,,,,,
1585,"Piston Head (Facing up, Not Extended)",minecraft:piston_head,,,,,,
1586,"Piston Head (Facing west, Extended)",minecraft:piston_head,,,,,,
1587,"Piston Head (Facing west, Not Extended)",minecraft:piston_head,,,,,,
1588,"Piston (6-sided piston2, Extended)",minecraft:piston_head,,,,,,
1589,"Piston Extension (Facing up, Extended)",minecraft:piston_head,,,,,,
1590,"Piston Extension (Facing up, Not Extended)",minecraft:piston_head,,,,,,
1591,"Piston Extension (Facing down, Not Extended)",minecraft:piston_head,,,,,,
1592,Mob Head (),minecraft:player_head,,,,,,
1593,Mob Head (On a Wall Facing East),minecraft:player_head,,,,,,
1594,Mob Head (On a Wall Facing North),minecraft:player_head,,,,,,
1595,Mob Head (On a Wall Facing South),minecraft:player_head,,,,,,
1596,Mob Head (On a Wall Facing West),minecraft:player_head,,,,,,
1597,Mob Head (On The Floor),minecraft:player_head,,,,,,
1600,Podzol,minecraft:podzol,,,,,,
1601,Polished Andesite,minecraft:polished_andesite,,,,,,
1615,Polished Diorite,minecraft:polished_diorite,,,,,,
1618,Polished Granite,minecraft:polished_granite,,,,,,
1621,Poppy,minecraft:poppy,,,,,,
1622,Potatoes (Growth level 0),minecraft:potatoes,,,,,,
1623,Potatoes (Growth level 1),minecraft:potatoes,,,,,,
1624,Potatoes (Growth level 2),minecraft:potatoes,,,,,,
1625,Potatoes (Growth level 3),minecraft:potatoes,,,,,,
1626,Potatoes (Growth level 4),minecraft:potatoes,,,,,,
1627,Potatoes (Growth level 5),minecraft:potatoes,,,,,,
1628,Potatoes (Growth level 6),minecraft:potatoes,,,,,,
1629,Potatoes (Growth level 7),minecraft:potatoes,,,,,,
1630,Acacia sapling Flower Pot,minecraft:potted_acacia_sapling,,,,,,
1634,Birch sapling Flower Pot,minecraft:potted_birch_sapling,,,,,,
1636,Brown mushroom Flower Pot,minecraft:potted_brown_mushroom,,,,,,
1637,Cactus Flower Pot,minecraft:potted_cactus,,,,,,
1641,Dandelion Flower Pot,minecraft:potted_dandelion,,,,,,
1643,Dead bush Flower Pot,minecraft:potted_dead_bush,,,,,,
1644,Fern Flower Pot,minecraft:potted_fern,,,,,,
1645,Jungle sapling Flower Pot,minecraft:potted_jungle_sapling,,,,,,
1647,Oak sapling Flower Pot,minecraft:potted_oak_sapling,,,,,,
1651,Poppy Flower Pot,minecraft:potted_poppy,,,,,,
1652,Red mushroom Flower Pot,minecraft:potted_red_mushroom,,,,,,
1654,Spruce sapling Flower Pot,minecraft:potted_spruce_sapling,,,,,,
1659,"Powered Rail (Flat North-South, Active)",minecraft:powered_rail,,,,,,
1660,"Powered Rail (Flat North-South, Not Active)",minecraft:powered_rail,,,,,,
1661,"Powered Rail (Flat West-East, Active)",minecraft:powered_rail,,,,,,
1662,"Powered Rail (Flat West-East, Not Active)",minecraft:powered_rail,,,,,,
1663,"Powered Rail (Sloped, Ascending to the East, Not Active)",minecraft:powered_rail,,,,,,
1664,"Powered Rail (Sloped, Ascending to the West, Not Active)",minecraft:powered_rail,,,,,,
1665,Prismarine,minecraft:prismarine,,,,,,
1668,Prismarine Bricks,minecraft:prismarine_bricks,,,,,,
1673,Pumpkin (Facing North),minecraft:pumpkin,,,,,,
1674,Pumpkin (Facing West),minecraft:pumpkin,,,,,,
1675,Pumpkin (Facing East),minecraft:pumpkin,,,,,,
1676,Pumpkin (Facing South),minecraft:pumpkin,,,,,,
1677,Pumpkin Stem (Seventh Stage of Growth),minecraft:pumpkin_stem,,,,,,
1680,Purple Carpet,minecraft:purple_carpet,,,,,,
1685,Purple Stained Glass,minecraft:purple_stained_glass,,,,,,
1686,Purple Stained Glass Pane,minecraft:purple_stained_glass_pane,,,,,,
1687,Purple Stained Clay,minecraft:purple_terracotta,,,,,,
1688,Purple Wool,minecraft:purple_wool,,,,,,
1689,Purpur Block,minecraft:purpur_block,,,,,,
1691,Purpur Double Slab,minecraft:purpur_slab,,,,,,
1692,Purpur Slab,minecraft:purpur_slab,,,,,,
1694,"Purpur Stairs (East, Normal",minecraft:purpur_stairs,,,,,,
1695,"Purpur Stairs (East, Normal)",minecraft:purpur_stairs,,,,,,
1696,"Purpur Stairs (South, Normal)",minecraft:purpur_stairs,,,,,,
1697,"Purpur Stairs (West, Normal)",minecraft:purpur_stairs,,,,,,
1698,Quartz Block,minecraft:quartz_block,,,,,,
1700,Pillar Quartz Block,minecraft:quartz_pillar,,,,,,
1701,Pillar Quartz Block (east-west),minecraft:quartz_pillar,,,,,,
1702,Pillar Quartz Block (north-south),minecraft:quartz_pillar,,,,,,
1703,Quartz Slab,minecraft:quartz_slab,type,bottom,,,,
1704,Quartz Slab (Upper),minecraft:quartz_slab,type,top,,,,
1705,Double Quartz Slab,minecraft:quartz_slab,type,double,,,,
1706,"Quartz Stairs (East, Normal)",minecraft:quartz_stairs,half,bottom,facing,west,,
1707,"Quartz Stairs (East, Upside-down)",minecraft:quartz_stairs,half,top,facing,west,,
1708,"Quartz Stairs (North, Normal)",minecraft:quartz_stairs,half,bottom,facing,south,,
1709,"Quartz Stairs (North, Upside-down)",minecraft:quartz_stairs,half,top,facing,south,,
1710,"Quartz Stairs (South, Normal)",minecraft:quartz_stairs,half,bottom,facing,north,,
1711,"Quartz Stairs (South, Upside-down)",minecraft:quartz_stairs,half,top,facing,north,,
1712,"Quartz Stairs (West, Normal)",minecraft:quartz_stairs,half,bottom,facing,east,,
1713,"Quartz Stairs (West, Upside-down)",minecraft:quartz_stairs,half,top,facing,east,,
1714,Rail,minecraft:rail,,,,,,
1715,Rail (curved; north and east),minecraft:rail,,,,,,
1716,Rail (curved; north and west),minecraft:rail,,,,,,
1717,Rail (curved; south and east),minecraft:rail,,,,,,
1718,Rail (curved; south and west),minecraft:rail,,,,,,
1719,"Rail (sloped, ascending to north)",minecraft:rail,,,,,,
1720,"Rail (sloped, ascending to east)",minecraft:rail,,,,,,
1721,"Rail (sloped, ascending to south)",minecraft:rail,,,,,,
1722,"Rail (sloped, ascending to west)",minecraft:rail,,,,,,
1723,Rail (straight; east and west),minecraft:rail,,,,,,
1726,Red  Carpet,minecraft:red_carpet,,,,,,
1730,Red mushroom,minecraft:red_mushroom,,,,,,
1731,Red Mushroom Block (Cap and stem),minecraft:red_mushroom_block,,,,,,
1732,Red Mushroom Block (Cap texture on all six sides),minecraft:red_mushroom_block,,,,,,
1733,Red Mushroom Block (Cap texture on top),minecraft:red_mushroom_block,,,,,,
1734,Red Mushroom Block (Cap texture on top and east),minecraft:red_mushroom_block,,,,,,
1735,Red Mushroom Block (Cap texture on top and north),minecraft:red_mushroom_block,,,,,,
1736,Red Mushroom Block (Cap texture on top and south),minecraft:red_mushroom_block,,,,,,
1737,Red Mushroom Block (Cap texture on top and west),minecraft:red_mushroom_block,,,,,,
1738,"Red Mushroom Block (Cap texture on top, east and south)",minecraft:red_mushroom_block,,,,,,
1739,"Red Mushroom Block (Cap texture on top, north and east)",minecraft:red_mushroom_block,,,,,,
1740,"Red Mushroom Block (Cap texture on top, south and west)",minecraft:red_mushroom_block,,,,,,
1741,"Red Mushroom Block (Cap texture on top, west and north )",minecraft:red_mushroom_block,,,,,,
1742,Red Mushroom Block (Pores on all sides),minecraft:red_mushroom_block,,,,,,
1743,"Red Mushroom Block (Stem texture on all sides, pores on top and b)",minecraft:red_mushroom_block,,,,,,
1744,Red Mushroom Block (Stem texture on all six sides),minecraft:red_mushroom_block,,,,,,
1749,Red Sand,minecraft:red_sand,,,,,,
1750,Red Sandstone,minecraft:red_sandstone,,,,,,
1751,Double Red Sandstone Slab,minecraft:red_sandstone_slab,,,,,,
1752,"Red Sandstone Slab, Bottom",minecraft:red_sandstone_slab,,,,,,
1753,"Red Sandstone Slab, Upper",minecraft:red_sandstone_slab,,,,,,
1754,"Red Sandstone Stairs (East, Normal)",minecraft:red_sandstone_stairs,,,,,,
1755,"Red Sandstone Stairs (East, Upside-down)",minecraft:red_sandstone_stairs,,,,,,
1756,"Red Sandstone Stairs (North, Normal)",minecraft:red_sandstone_stairs,,,,,,
1757,"Red Sandstone Stairs (North, Upside-down)",minecraft:red_sandstone_stairs,,,,,,
1758,"Red Sandstone Stairs (South, Normal)",minecraft:red_sandstone_stairs,,,,,,
1759,"Red Sandstone Stairs (South, Upside-down)",minecraft:red_sandstone_stairs,,,,,,
1760,"Red Sandstone Stairs (West, Normal)",minecraft:red_sandstone_stairs,,,,,,
1761,"Red Sandstone Stairs (West, Upside-down)",minecraft:red_sandstone_stairs,,,,,,
1764,Red Stained Glass,minecraft:red_stained_glass,,,,,,
1765,Red Stained Glass Pane,minecraft:red_stained_glass_pane,,,,,,
1766,Red Stained Clay,minecraft:red_terracotta,,,,,,
1767,Red Tulip,minecraft:red_tulip,,,,,,
1768,Red Wool,minecraft:red_wool,,,,,,
1769,Redstone Block,minecraft:redstone_block,,,,,,
1770,Redstone Lamp (active),minecraft:redstone_lamp,,,,,,
1771,Redstone Lamp (inactive),minecraft:redstone_lamp,,,,,,
1772,Redstone Ore,minecraft:redstone_ore,,,,,,
1773,Redstone Torch (off) (Facing East),minecraft:redstone_torch,,,,,,
1774,Redstone Torch (off) (Facing North),minecraft:redstone_torch,,,,,,
1775,Redstone Torch (off) (Facing South),minecraft:redstone_torch,,,,,,
1776,Redstone Torch (off) (Facing Up),minecraft:redstone_torch,,,,,,
1777,Redstone Torch (off) (Facing West),minecraft:redstone_torch,,,,,,
1778,Redstone Torch (on) (),minecraft:redstone_torch,,,,,,
1779,Redstone Torch (on) (Facing East),minecraft:redstone_torch,,,,,,
1780,Redstone Torch (on) (Facing North),minecraft:redstone_torch,,,,,,
1781,Redstone Torch (on) (Facing South),minecraft:redstone_torch,,,,,,
1782,Redstone Torch (on) (Facing Up),minecraft:redstone_torch,,,,,,
1783,Redstone Torch (on) (Facing West),minecraft:redstone_torch,,,,,,
1786,Redstone Wire (Power:0),minecraft:redstone_wire,,,,,,
1787,Redstone Wire (Power:10),minecraft:redstone_wire,,,,,,
1788,Redstone Wire (Power:11),minecraft:redstone_wire,,,,,,
1789,Redstone Wire (Power:12),minecraft:redstone_wire,,,,,,
1790,Redstone Wire (Power:13),minecraft:redstone_wire,,,,,,
1791,Redstone Wire (Power:14),minecraft:redstone_wire,,,,,,
1792,Redstone Wire (Power:15),minecraft:redstone_wire,,,,,,
1793,Redstone Wire (Power:1),minecraft:redstone_wire,,,,,,
1794,Redstone Wire (Power:2),minecraft:redstone_wire,,,,,,
1795,Redstone Wire (Power:3),minecraft:redstone_wire,,,,,,
1796,Redstone Wire (Power:4),minecraft:redstone_wire,,,,,,
1797,Redstone Wire (Power:5),minecraft:redstone_wire,,,,,,
1798,Redstone Wire (Power:6),minecraft:redstone_wire,,,,,,
1799,Redstone Wire (Power:7),minecraft:redstone_wire,,,,,,
1800,Redstone Wire (Power:8),minecraft:redstone_wire,,,,,,
1801,Redstone Wire (Power:9),minecraft:redstone_wire,,,,,,
1802,"Redstone Repeater Block (off) (Facing East, Delay of 1 tick)",minecraft:repeater,,,,,,
1803,"Redstone Repeater Block (off) (Facing East, Delay of 2 ticks",minecraft:repeater,,,,,,
1804,"Redstone Repeater Block (off) (Facing East, Delay of 3 ticks",minecraft:repeater,,,,,,
1805,"Redstone Repeater Block (off) (Facing East, Delay of 4 ticks",minecraft:repeater,,,,,,
1806,"Redstone Repeater Block (off) (Facing North, Delay of 1 tick",minecraft:repeater,,,,,,
1807,"Redstone Repeater Block (off) (Facing North, Delay of 2 tick",minecraft:repeater,,,,,,
1808,"Redstone Repeater Block (off) (Facing North, Delay of 3 tick",minecraft:repeater,,,,,,
1809,"Redstone Repeater Block (off) (Facing North, Delay of 4 tick",minecraft:repeater,,,,,,
1810,"Redstone Repeater Block (off) (Facing South, Delay of 1 tick",minecraft:repeater,,,,,,
1811,"Redstone Repeater Block (off) (Facing South, Delay of 2 tick",minecraft:repeater,,,,,,
1812,"Redstone Repeater Block (off) (Facing South, Delay of 3 tick",minecraft:repeater,,,,,,
1813,"Redstone Repeater Block (off) (Facing South, Delay of 4 tick",minecraft:repeater,,,,,,
1814,"Redstone Repeater Block (off) (Facing West, Delay of 1 tick)",minecraft:repeater,,,,,,
1815,"Redstone Repeater Block (off) (Facing West, Delay of 2 ticks",minecraft:repeater,,,,,,
1816,"Redstone Repeater Block (off) (Facing West, Delay of 3 ticks",minecraft:repeater,,,,,,
1817,"Redstone Repeater Block (off) (Facing West, Delay of 4 ticks",minecraft:repeater,,,,,,
1818,"Redstone Repeater Block (on) (Facing East, Delay of 1 tick)",minecraft:repeater,,,,,,
1820,"Redstone Repeater Block (on) (Facing East, Delay of 3 ticks)",minecraft:repeater,,,,,,
1821,"Redstone Repeater Block (on) (Facing East, Delay of 4 ticks)",minecraft:repeater,,,,,,
1822,"Redstone Repeater Block (on) (Facing North, Delay of 1 tick)",minecraft:repeater,,,,,,
1823,"Redstone Repeater Block (on) (Facing North, Delay of 2 ticks",minecraft:repeater,,,,,,
1824,"Redstone Repeater Block (on) (Facing North, Delay of 3 ticks",minecraft:repeater,,,,,,
1825,"Redstone Repeater Block (on) (Facing North, Delay of 4 ticks",minecraft:repeater,,,,,,
1826,"Redstone Repeater Block (on) (Facing South, Delay of 1 tick)",minecraft:repeater,,,,,,
1828,"Redstone Repeater Block (on) (Facing South, Delay of 3 ticks",minecraft:repeater,,,,,,
1829,"Redstone Repeater Block (on) (Facing South, Delay of 4 ticks",minecraft:repeater,,,,,,
1830,"Redstone Repeater Block (on) (Facing West, Delay of 1 tick)",minecraft:repeater,,,,,,
1831,"Redstone Repeater Block (on) (Facing West, Delay of 2 ticks)",minecraft:repeater,,,,,,
1832,"Redstone Repeater Block (on) (Facing West, Delay of 3 ticks)",minecraft:repeater,,,,,,
1833,"Redstone Repeater Block (on) (Facing West, Delay of 4 ticks)",minecraft:repeater,,,,,,
1836,"Flower (Rose Bush, Lower)",minecraft:rose_bush,,,,,,
1837,Sand,minecraft:sand,,,,,,
1838,Sandstone,minecraft:sandstone,,,,,,
1839,Sandstone Slab,minecraft:sandstone_slab,type,bottom,,,,
1840,Sandstone Slab (Upper),minecraft:sandstone_slab,type,top,,,,
1841,Double Sandstone Slab,minecraft:sandstone_slab,type,double,,,,
1842,"Sandstone Stairs (East, Normal)",minecraft:sandstone_stairs,half,bottom,facing,west,,
1843,"Sandstone Stairs (East, Upside-down)",minecraft:sandstone_stairs,half,top,facing,west,,
1844,"Sandstone Stairs (North, Normal)",minecraft:sandstone_stairs,half,bottom,facing,south,,
1845,"Sandstone Stairs (North, Upside-down)",minecraft:sandstone_stairs,half,top,facing,south,,
1846,"Sandstone Stairs (South, Normal)",minecraft:sandstone_stairs,half,bottom,facing,north,,
1847,"Sandstone Stairs (South, Upside-down)",minecraft:sandstone_stairs,half,top,facing,north,,
1848,"Sandstone Stairs (West, Normal)",minecraft:sandstone_stairs,half,bottom,facing,east,,
1849,"Sandstone Stairs (West, Upside-down)",minecraft:sandstone_stairs,half,top,facing,east,,
1852,Sea Lantern,minecraft:sea_lantern,,,,,,
1860,Slime Block,minecraft:slime_block,,,,,,
1866,Smooth Red Sandstone,minecraft:smooth_red_sandstone,,,,,,
1869,Smooth Sandstone,minecraft:smooth_sandstone,,,,,,
1873,Smooth Double Stone Slab,minecraft:smooth_stone_slab,type,double,,,,
1874,Snow  (One Layer),minecraft:snow,,,,,,
1875,Snow  (Two Layers),minecraft:snow,,,,,,
1876,Snow  (Eight Layers),minecraft:snow,,,,,,
1877,Snow  (Five Layers),minecraft:snow,,,,,,
1878,Snow  (Four Layers),minecraft:snow,,,,,,
1879,Snow  (Seven Layers),minecraft:snow,,,,,,
1880,Snow  (Six Layers),minecraft:snow,,,,,,
1881,Snow  (Three Layers),minecraft:snow,,,,,,
1882,Snow Block,minecraft:snow_block,,,,,,
1886,Soul Sand,minecraft:soul_sand,,,,,,
1891,Monster Spawner,minecraft:spawner,,,,,,
1892,Sponge,minecraft:sponge,,,,,,
1894,"Spruce Door (Upper, Hinge left, Powered)",minecraft:spruce_door,,,,,,
1895,"Spruce Door (Upper, Hinge left, Unpowered)",minecraft:spruce_door,,,,,,
1896,"Spruce Door (Upper, Hinge right, Powered)",minecraft:spruce_door,,,,,,
1897,"Spruce Door (Upper, Hinge right, Unpowered)",minecraft:spruce_door,,,,,,
1898,"Spruce Foor (Lower, Facing East, Closed)",minecraft:spruce_door,,,,,,
1899,"Spruce Foor (Lower, Facing East, Opened)",minecraft:spruce_door,,,,,,
1900,"Spruce Foor (Lower, Facing North, Closed)",minecraft:spruce_door,,,,,,
1901,"Spruce Foor (Lower, Facing North, Opened)",minecraft:spruce_door,,,,,,
1902,"Spruce Foor (Lower, Facing South, Closed)",minecraft:spruce_door,,,,,,
1903,"Spruce Foor (Lower, Facing South, Opened)",minecraft:spruce_door,,,,,,
1904,"Spruce Foor (Lower, Facing West, Closed)",minecraft:spruce_door,,,,,,
1905,"Spruce Foor (Lower, Facing West, Opened)",minecraft:spruce_door,,,,,,
1906,Spruce Fence,minecraft:spruce_fence,,,,,,
1907,"Spruce Fence Gate (Facing East, Closed)",minecraft:spruce_fence_gate,,,,,,
1908,"Spruce Fence Gate (Facing East, Opened)",minecraft:spruce_fence_gate,,,,,,
1909,"Spruce Fence Gate (Facing North, Closed)",minecraft:spruce_fence_gate,,,,,,
1910,"Spruce Fence Gate (Facing North, Opened)",minecraft:spruce_fence_gate,,,,,,
1911,"Spruce Fence Gate (Facing South, Closed)",minecraft:spruce_fence_gate,,,,,,
1912,"Spruce Fence Gate (Facing South, Opened)",minecraft:spruce_fence_gate,,,,,,
1913,"Spruce Fence Gate (Facing West, Closed)",minecraft:spruce_fence_gate,,,,,,
1914,"Spruce Fence Gate (Facing West, Opened)",minecraft:spruce_fence_gate,,,,,,
1915,"Spruce Fence Gate (In Wall, Facing North, Opened)",minecraft:spruce_fence_gate,,,,,,
1916,Spruce Leaves,minecraft:spruce_leaves,,,,,,
1917,Spruce Leaves (No Decay),minecraft:spruce_leaves,,,,,,
1918,Spruce Leaves (No Decay and Check Decay),minecraft:spruce_leaves,,,,,,
1920,Spruce Wood Plank,minecraft:spruce_planks,,,,,,
1922,"Sapling (Spruce, Ready to grow)",minecraft:spruce_sapling,,,,,,
1924,Spruce Wood Slab (Bottom),minecraft:spruce_slab,type,bottom,,,,
1925,Spruce Wood Slab (Upper),minecraft:spruce_slab,type,top,,,,
1926,Double Spruce Wood Slab,minecraft:spruce_slab,type,double,,,,
1927,"Spruce Wood Stairs (East, Normal)",minecraft:spruce_stairs,half,bottom,facing,west,,
1928,"Spruce Wood Stairs (East, Upside-down)",minecraft:spruce_stairs,half,top,facing,west,,
1929,"Spruce Wood Stairs (North, Normal)",minecraft:spruce_stairs,half,bottom,facing,south,,
1930,"Spruce Wood Stairs (North, Upside-down)",minecraft:spruce_stairs,half,top,facing,south,,
1931,"Spruce Wood Stairs (South, Normal)",minecraft:spruce_stairs,half,bottom,facing,north,,
1932,"Spruce Wood Stairs (South, Upside-down)",minecraft:spruce_stairs,half,top,facing,north,,
1933,"Spruce Wood Stairs (West, Normal)",minecraft:spruce_stairs,half,bottom,facing,east,,
1934,"Spruce Wood Stairs (West, Upside-down)",minecraft:spruce_stairs,half,top,facing,east,,
1937,Spruce Wood,minecraft:spruce_wood,,,,,,
1938,Spruce wood (facing east/west),minecraft:spruce_wood,,,,,,
1939,Spruce Wood (facing north/south),minecraft:spruce_wood,,,,,,
1940,Spruce Wood (only bark),minecraft:spruce_wood,,,,,,
1941,"Sticky Piston (Facing down, Extended)",minecraft:sticky_piston,,,,,,
1942,"Sticky Piston (Facing down, Not Extended)",minecraft:sticky_piston,,,,,,
1943,"Sticky Piston (Facing east, Extended)",minecraft:sticky_piston,,,,,,
1944,"Sticky Piston (Facing east, Not Extended)",minecraft:sticky_piston,,,,,,
1945,"Sticky Piston (Facing north, Extended)",minecraft:sticky_piston,,,,,,
1946,"Sticky Piston (Facing north, Not Extended)",minecraft:sticky_piston,,,,,,
1947,"Sticky Piston (Facing south, Extended)",minecraft:sticky_piston,,,,,,
1948,"Sticky Piston (Facing south, Not Extended)",minecraft:sticky_piston,,,,,,
1949,"Sticky Piston (Facing up, Extended)",minecraft:sticky_piston,,,,,,
1950,"Sticky Piston (Facing up, Not Extended)",minecraft:sticky_piston,,,,,,
1951,"Sticky Piston (Facing west, Extended)",minecraft:sticky_piston,,,,,,
1952,"Sticky Piston (Facing west, Not Extended)",minecraft:sticky_piston,,,,,,
1953,Stone,minecraft:stone,,,,,,
1954,Stone Brick Slab (Upper),minecraft:stone_brick_slab,type,top,,,,
1955,Stone Brick Slab,minecraft:stone_brick_slab,type,bottom,,,,
1956,Double Stone Brick Slab,minecraft:stone_brick_slab,type,double,,,,
1957,Stone Brick Stairs (East),minecraft:stone_brick_stairs,half,bottom,facing,west,,
1958,"Stone Brick Stairs (East, Upside-down)",minecraft:stone_brick_stairs,half,top,facing,west,,
1959,"Stone Brick Stairs (North, Normal)",minecraft:stone_brick_stairs,half,bottom,facing,south,,
1960,"Stone Brick Stairs (North, Upside-down)",minecraft:stone_brick_stairs,half,top,facing,south,,
1961,"Stone Brick Stairs (South, Normal)",minecraft:stone_brick_stairs,half,bottom,facing,north,,
1962,"Stone Brick Stairs (South, Upside-down)",minecraft:stone_brick_stairs,half,top,facing,north,,
1963,Stone Brick Stairs (West),minecraft:stone_brick_stairs,half,bottom,facing,east,,
1964,"Stone Brick Stairs (West, Upside-down)",minecraft:stone_brick_stairs,half,top,facing,east,,
1966,Stone Bricks,minecraft:stone_bricks,,,,,,
1967,"Stone Button (Facing Down, Inactive)",minecraft:stone_button,,,,,,
1968,"Stone Button (Facing Up, Active)",minecraft:stone_button,,,,,,
1969,"Stone Button (Facing Up, Inactive)",minecraft:stone_button,,,,,,
1970,"Stone Button (Facing East, Inactive)",minecraft:stone_button,face,wall,facing,west,powered,False
1971,"Stone Button (Facing North, Inactive)",minecraft:stone_button,face,wall,facing,south,powered,False
1972,"Stone Button (Facing South, Inactive)",minecraft:stone_button,face,wall,facing,north,powered,False
1973,"Stone Button (Facing West, Inactive)",minecraft:stone_button,face,wall,facing,east,powered,False
1974,Stone Pressure Plate (Active),minecraft:stone_pressure_plate,,,,,,
1975,Stone Pressure Plate (Unactive),minecraft:stone_pressure_plate,,,,,,
1976,Stone Slab,minecraft:stone_slab,type,bottom,,,,
1977,(Stone) Wooden Slab (Upper),minecraft:stone_slab,,,,,,
1978,Stone Slab (Upper),minecraft:stone_slab,type,top,,,,
1979,Double Stone Slab,minecraft:stone_slab,type,double,,,,
2000,Sugar Canes (Eigth stage of growth),minecraft:sugar_cane,,,,,,
2001,Sugar Canes (Eleventh stage of growth),minecraft:sugar_cane,,,,,,
2002,Sugar Canes (Fifteenth stage of growth),minecraft:sugar_cane,,,,,,
2003,Sugar Canes (Fifth stage of growth),minecraft:sugar_cane,,,,,,
2004,Sugar Canes (First stage of growth),minecraft:sugar_cane,,,,,,
2005,Sugar Canes (Fourteenth stage of growth),minecraft:sugar_cane,,,,,,
2006,Sugar Canes (Fourth stage of growth),minecraft:sugar_cane,,,,,,
2007,Sugar Canes (Freshly Planted Cane),minecraft:sugar_cane,,,,,,
2008,Sugar Canes (Ninth stage of growth),minecraft:sugar_cane,,,,,,
2009,Sugar Canes (Second stage of growth),minecraft:sugar_cane,,,,,,
2010,Sugar Canes (Seventh stage of growth),minecraft:sugar_cane,,,,,,
2011,Sugar Canes (Sixth stage of growth),minecraft:sugar_cane,,,,,,
2012,Sugar Canes (Tenth stage of growth),minecraft:sugar_cane,,,,,,
2013,Sugar Canes (Third stage of growth),minecraft:sugar_cane,,,,,,
2014,Sugar Canes (Thirteenth stage of growth),minecraft:sugar_cane,,,,,,
2015,"Flower (Sunflower, Lower)",minecraft:sunflower,,,,,,
2016,"Flower (Sunflower, Upper)",minecraft:sunflower,,,,,,
2020,"Flower (Double Tallgrass, Lower)",minecraft:tall_grass,,,,,,
2021,"Flower (Double Tallgrass, Upper)",minecraft:tall_grass,,,,,,
2024,Hardened Clay,minecraft:terracotta,,,,,,
2025,TNT,minecraft:tnt,,,,,,
2026,Torch (Facing East),minecraft:torch,,,,,,
2027,Torch (Facing North),minecraft:torch,,,,,,
2028,Torch (Facing South),minecraft:torch,,,,,,
2029,Torch (Facing Up),minecraft:torch,,,,,,
2030,Torch (Facing West),minecraft:torch,,,,,,
2031,Trapped Chest (Facing East),minecraft:trapped_chest,,,,,,
2032,Trapped Chest (Facing North),minecraft:trapped_chest,,,,,,
2033,Trapped Chest (Facing South),minecraft:trapped_chest,,,,,,
2034,Trapped Chest (Facing West),minecraft:trapped_chest,,,,,,
2035,"Tripwire (Unactive, In the Air, Attached to a Circuit, Armed",minecraft:tripwire,,,,,,
2036,"Tripwire (Unactive, In the Air, Unattached, Armed)",minecraft:tripwire,,,,,,
2037,"Tripwire (Unactive, On a Block, Unattached, Armed)",minecraft:tripwire,,,,,,
2038,Tripwire Hook (Facing East),minecraft:tripwire_hook,,,,,,
2039,Tripwire Hook (Facing West),minecraft:tripwire_hook,,,,,,
2040,Tripwire Hook,minecraft:tripwire_hook,,,,,,
2041,"Tripwire hook (Facing East, Ready, Middle Pos)",minecraft:tripwire_hook,,,,,,
2042,Tripwire Hook (Facing North),minecraft:tripwire_hook,,,,,,
2043,"Tripwire Hook (Facing North, Ready, Middle Pos)",minecraft:tripwire_hook,,,,,,
2044,"Tripwire Hook (Facing West, Ready, Middle Pos)",minecraft:tripwire_hook,,,,,,
2045,"Tripwire Hook (Ready, Middle Pos)",minecraft:tripwire_hook,,,,,,
2053,Vines (),minecraft:vine,,,,,,
2054,Vines (Above),minecraft:vine,,,,,,
2055,Vines (East),minecraft:vine,,,,,,
2056,Vines (multiple sides),minecraft:vine,,,,,,
2057,Vines (multiple sides 1),minecraft:vine,,,,,,
2058,Vines (multiple sides 2),minecraft:vine,,,,,,
2059,Vines (multiple sides 3),minecraft:vine,,,,,,
2060,Vines (multiple sides 4),minecraft:vine,,,,,,
2061,Vines (multiple sides 5),minecraft:vine,,,,,,
2062,Vines (multiple sides 6),minecraft:vine,,,,,,
2063,Vines (North),minecraft:vine,,,,,,
2064,Vines (North & East),minecraft:vine,,,,,,
2065,Vines (North&West),minecraft:vine,,,,,,
2066,Vines (South),minecraft:vine,,,,,,
2067,Vines (South & East),minecraft:vine,,,,,,
2068,Vines (West),minecraft:vine,,,,,,
2088,Water (Water level Max - 3),minecraft:water,,,,,,
2089,Water (Water level Max - 4),minecraft:water,,,,,,
2090,"Water (Water level Max - 4, Falling)",minecraft:water,,,,,,
2091,"Water (Water level Max - 5, Falling)",minecraft:water,,,,,,
2092,Water (Water level Min),minecraft:water,,,,,,
2093,Water (Water level Min + 1),minecraft:water,,,,,,
2094,"Water (Water level Min +1, Falling)",minecraft:water,,,,,,
2095,"Water (Water level Min, Falling)",minecraft:water,,,,,,
2096,Water (Water level Max),minecraft:water,,,,,,
2097,Water (Water level Max - 1),minecraft:water,,,,,,
2098,"Water (Water level Max - 1, Falling)",minecraft:water,,,,,,
2099,Water (Water level Max - 2),minecraft:water,,,,,,
2100,"Water (Water level Max - 2, Falling)",minecraft:water,,,,,,
2101,"Water (Water level Max - 3, Falling)",minecraft:water,,,,,,
2102,"Water (Water level Max, Falling)",minecraft:water,,,,,,
2103,Still Water,minecraft:water,,,,,,
2106,Wet Sponge,minecraft:wet_sponge,,,,,,
2108,Wheat (Age 0),minecraft:wheat,age,0,,,,
2109,Wheat (Age 1),minecraft:wheat,age,0,,,,
2110,Wheat (Age 2),minecraft:wheat,age,0,,,,
2111,Wheat (Age 3),minecraft:wheat,age,0,,,,
2112,Wheat (Age 4),minecraft:wheat,age,0,,,,
2113,Wheat (Age 5),minecraft:wheat,age,0,,,,
2114,Wheat (Age 6),minecraft:wheat,age,0,,,,
2115,Wheat (Age 7),minecraft:wheat,age,0,,,,
2117,"Bed (North, Empty, Foot of the bed)",minecraft:white_bed,,,,,,
2118,"Bed (North, Empty, Head of the bed)",minecraft:white_bed,,,,,,
2119,"Bed (South, Empty, Foot of the bed)",minecraft:white_bed,,,,,,
2120,"Bed (South, Empty, Head of the bed)",minecraft:white_bed,,,,,,
2121,"Bed (East, Empty, Foot of the bed)",minecraft:white_bed,,,,,,
2122,"Bed (East, Empty, Head of the bed)",minecraft:white_bed,,,,,,
2123,"Bed (West, Empty, Foot of the bed)",minecraft:white_bed,,,,,,
2124,"Bed (West, Empty, Head of the bed)",minecraft:white_bed,,,,,,
2125,White Carpet,minecraft:white_carpet,,,,,,
2130,White Stained Glass,minecraft:white_stained_glass,,,,,,
2131,White Stained Glass Pane,minecraft:white_stained_glass_pane,,,,,,
2132,White Stained Clay,minecraft:white_terracotta,,,,,,
2133,White Tulip,minecraft:white_tulip,,,,,,
2134,White Wool,minecraft:white_wool,,,,,,
2140,Yellow Carpet,minecraft:yellow_carpet,,,,,,
2145,Yellow Stained Glass,minecraft:yellow_stained_glass,,,,,,
2146,Yellow Stained Glass Pane,minecraft:yellow_stained_glass_pane,,,,,,
2147,Yellow Stained Clay,minecraft:yellow_terracotta,,,,,,
2148,Yellow Wool,minecraft:yellow_wool,,,,,,
